{
    "RunAllignment": 550238,
    "d_12": 320,
    "d_1c": 381,
    "offset_x2": -0.35276844772093113,
    "offset_y2": 0.12919836895267223,
    "div_12x": 0.0008889421546233158,
    "div_12y": 0.0016003836691922937
}